{"cameraMode":{"drawMode":0,"name":"Shaded","section":"Shading Mode"},"sceneLighting":false,"audioPlay":false,"sceneViewState":{"showFog":true,"showMaterialUpdate":false,"showSkybox":true,"showFlares":true,"showImageEffects":true,"showParticleSystems":true},"in2DMode":false,"pivot":{"x":-15.930000305175782,"y":0.0,"z":24.549999237060548},"rotation":{"x":0.39235833287239077,"y":0.5978465676307678,"z":-0.4198964834213257,"w":0.5586056113243103},"size":23.334524154663087,"orthographic":false}